-- MySQL dump 10.13  Distrib 5.7.26, for Linux (x86_64)
--
-- Host: localhost    Database: ws
-- ------------------------------------------------------
-- Server version	5.7.26-0ubuntu0.16.04.1

/*!40101 SET @OLD_CHARACTER_SET_CLIENT=@@CHARACTER_SET_CLIENT */;
/*!40101 SET @OLD_CHARACTER_SET_RESULTS=@@CHARACTER_SET_RESULTS */;
/*!40101 SET @OLD_COLLATION_CONNECTION=@@COLLATION_CONNECTION */;
/*!40101 SET NAMES utf8 */;
/*!40103 SET @OLD_TIME_ZONE=@@TIME_ZONE */;
/*!40103 SET TIME_ZONE='+00:00' */;
/*!40014 SET @OLD_UNIQUE_CHECKS=@@UNIQUE_CHECKS, UNIQUE_CHECKS=0 */;
/*!40014 SET @OLD_FOREIGN_KEY_CHECKS=@@FOREIGN_KEY_CHECKS, FOREIGN_KEY_CHECKS=0 */;
/*!40101 SET @OLD_SQL_MODE=@@SQL_MODE, SQL_MODE='NO_AUTO_VALUE_ON_ZERO' */;
/*!40111 SET @OLD_SQL_NOTES=@@SQL_NOTES, SQL_NOTES=0 */;

--
-- Current Database: `ws`
--

CREATE DATABASE /*!32312 IF NOT EXISTS*/ `ws` /*!40100 DEFAULT CHARACTER SET latin1 */;

USE `ws`;

--
-- Table structure for table `contact`
--

DROP TABLE IF EXISTS `contact`;
/*!40101 SET @saved_cs_client     = @@character_set_client */;
/*!40101 SET character_set_client = utf8 */;
CREATE TABLE `contact` (
  `id` int(11) NOT NULL AUTO_INCREMENT,
  `roomId` int(11) NOT NULL,
  `userId` int(11) NOT NULL,
  `createdAt` datetime NOT NULL DEFAULT CURRENT_TIMESTAMP,
  `updatedAt` datetime NOT NULL DEFAULT CURRENT_TIMESTAMP,
  PRIMARY KEY (`id`),
  UNIQUE KEY `contact_id_uindex` (`id`),
  KEY `contact_room_id_fk` (`roomId`),
  KEY `contact_user_id_fk` (`userId`),
  CONSTRAINT `contact_room_id_fk` FOREIGN KEY (`roomId`) REFERENCES `room` (`id`),
  CONSTRAINT `contact_user_id_fk` FOREIGN KEY (`userId`) REFERENCES `user` (`id`)
) ENGINE=InnoDB DEFAULT CHARSET=latin1;
/*!40101 SET character_set_client = @saved_cs_client */;

--
-- Dumping data for table `contact`
--

LOCK TABLES `contact` WRITE;
/*!40000 ALTER TABLE `contact` DISABLE KEYS */;
/*!40000 ALTER TABLE `contact` ENABLE KEYS */;
UNLOCK TABLES;

--
-- Table structure for table `conversation`
--

DROP TABLE IF EXISTS `conversation`;
/*!40101 SET @saved_cs_client     = @@character_set_client */;
/*!40101 SET character_set_client = utf8 */;
CREATE TABLE `conversation` (
  `id` int(11) NOT NULL AUTO_INCREMENT,
  `userId` int(11) DEFAULT NULL,
  `roomId` int(11) DEFAULT NULL,
  `messageId` int(11) NOT NULL,
  `createdAt` datetime NOT NULL DEFAULT CURRENT_TIMESTAMP,
  `updatedAt` datetime NOT NULL DEFAULT CURRENT_TIMESTAMP,
  PRIMARY KEY (`id`),
  UNIQUE KEY `conversation_id_uindex` (`id`),
  KEY `conversation_room_id_fk` (`roomId`),
  KEY `conversation_message_id_fk` (`messageId`),
  KEY `conversation_user_id_fk` (`userId`),
  CONSTRAINT `conversation_message_id_fk` FOREIGN KEY (`messageId`) REFERENCES `message` (`id`),
  CONSTRAINT `conversation_room_id_fk` FOREIGN KEY (`roomId`) REFERENCES `room` (`id`),
  CONSTRAINT `conversation_user_id_fk` FOREIGN KEY (`userId`) REFERENCES `user` (`id`)
) ENGINE=InnoDB AUTO_INCREMENT=93 DEFAULT CHARSET=latin1;
/*!40101 SET character_set_client = @saved_cs_client */;

--
-- Dumping data for table `conversation`
--

LOCK TABLES `conversation` WRITE;
/*!40000 ALTER TABLE `conversation` DISABLE KEYS */;
INSERT INTO `conversation` VALUES (12,62,4,3,'2019-07-09 00:08:04','2019-07-09 00:08:04'),(13,66,4,4,'2019-07-09 00:08:04','2019-07-09 00:08:04'),(14,62,4,5,'2019-07-09 00:08:04','2019-07-09 00:08:04'),(15,62,4,6,'2019-07-09 00:08:04','2019-07-09 00:08:04'),(16,62,6,8,'2019-07-09 22:34:52','2019-07-09 22:34:52'),(17,62,6,9,'2019-07-09 22:35:14','2019-07-09 22:35:14'),(18,62,5,10,'2019-07-09 22:35:18','2019-07-09 22:35:18'),(19,62,5,11,'2019-07-09 22:35:26','2019-07-09 22:35:26'),(20,62,4,12,'2019-07-09 22:36:05','2019-07-09 22:36:05'),(21,62,5,13,'2019-07-09 22:36:13','2019-07-09 22:36:13'),(22,84,5,14,'2019-07-09 22:37:36','2019-07-09 22:37:36'),(23,84,5,15,'2019-07-09 22:37:40','2019-07-09 22:37:40'),(24,62,4,16,'2019-07-09 22:39:41','2019-07-09 22:39:41'),(25,84,4,17,'2019-07-09 22:42:19','2019-07-09 22:42:19'),(26,62,4,18,'2019-07-09 22:42:27','2019-07-09 22:42:27'),(27,62,4,19,'2019-07-09 22:43:21','2019-07-09 22:43:21'),(28,62,23,20,'2019-07-10 23:44:37','2019-07-10 23:44:37'),(29,62,23,21,'2019-07-10 23:44:40','2019-07-10 23:44:40'),(30,84,23,22,'2019-07-10 23:44:48','2019-07-10 23:44:48'),(31,62,24,23,'2019-07-10 23:44:51','2019-07-10 23:44:51'),(32,62,24,24,'2019-07-10 23:45:22','2019-07-10 23:45:22'),(33,84,23,25,'2019-07-10 23:45:31','2019-07-10 23:45:31'),(34,62,25,26,'2019-07-10 23:45:39','2019-07-10 23:45:39'),(35,62,26,27,'2019-07-10 23:50:11','2019-07-10 23:50:11'),(36,62,27,28,'2019-07-10 23:51:22','2019-07-10 23:51:22'),(37,84,28,29,'2019-07-10 23:52:08','2019-07-10 23:52:08'),(38,62,28,30,'2019-07-10 23:54:03','2019-07-10 23:54:03'),(39,62,29,31,'2019-07-10 23:54:29','2019-07-10 23:54:29'),(40,62,30,32,'2019-07-10 23:55:43','2019-07-10 23:55:43'),(41,62,30,33,'2019-07-10 23:56:57','2019-07-10 23:56:57'),(42,62,31,34,'2019-07-10 23:57:05','2019-07-10 23:57:05'),(43,62,31,35,'2019-07-10 23:58:04','2019-07-10 23:58:04'),(44,84,30,36,'2019-07-10 23:58:20','2019-07-10 23:58:20'),(45,62,30,37,'2019-07-10 23:58:30','2019-07-10 23:58:30'),(46,62,31,38,'2019-07-10 23:58:33','2019-07-10 23:58:33'),(47,84,30,39,'2019-07-10 23:58:38','2019-07-10 23:58:38'),(48,62,32,40,'2019-07-10 23:58:46','2019-07-10 23:58:46'),(49,62,33,41,'2019-07-11 00:01:10','2019-07-11 00:01:10'),(50,62,34,42,'2019-07-11 00:02:14','2019-07-11 00:02:14'),(51,62,35,43,'2019-07-11 00:06:38','2019-07-11 00:06:38'),(52,62,35,44,'2019-07-11 00:06:48','2019-07-11 00:06:48'),(53,62,36,45,'2019-07-11 20:10:44','2019-07-11 20:10:44'),(54,62,37,46,'2019-07-11 20:11:11','2019-07-11 20:11:11'),(55,62,38,47,'2019-07-11 20:12:03','2019-07-11 20:12:03'),(56,62,39,48,'2019-07-11 20:12:44','2019-07-11 20:12:44'),(57,62,40,49,'2019-07-11 20:13:28','2019-07-11 20:13:28'),(58,62,41,50,'2019-07-11 20:15:03','2019-07-11 20:15:03'),(59,62,42,51,'2019-07-11 20:17:28','2019-07-11 20:17:28'),(60,62,43,52,'2019-07-11 20:18:04','2019-07-11 20:18:04'),(61,62,44,53,'2019-07-11 20:18:57','2019-07-11 20:18:57'),(62,84,44,54,'2019-07-11 20:19:01','2019-07-11 20:19:01'),(63,62,44,55,'2019-07-11 20:19:08','2019-07-11 20:19:08'),(64,84,44,56,'2019-07-11 20:19:10','2019-07-11 20:19:10'),(65,62,44,57,'2019-07-11 20:19:34','2019-07-11 20:19:34'),(66,62,44,58,'2019-07-11 20:19:43','2019-07-11 20:19:43'),(67,84,45,59,'2019-07-11 20:37:06','2019-07-11 20:37:06'),(68,62,48,60,'2019-07-11 20:44:18','2019-07-11 20:44:18'),(69,84,48,61,'2019-07-11 20:45:10','2019-07-11 20:45:10'),(70,62,48,62,'2019-07-11 21:14:33','2019-07-11 21:14:33'),(71,62,48,63,'2019-07-11 21:36:35','2019-07-11 21:36:35'),(72,62,48,64,'2019-07-11 21:36:41','2019-07-11 21:36:41'),(73,84,48,65,'2019-07-11 21:37:15','2019-07-11 21:37:15'),(74,62,49,66,'2019-07-11 21:45:09','2019-07-11 21:45:09'),(75,62,49,67,'2019-07-11 21:47:36','2019-07-11 21:47:36'),(76,62,49,68,'2019-07-11 21:50:17','2019-07-11 21:50:17'),(77,84,48,69,'2019-07-11 22:20:54','2019-07-11 22:20:54'),(78,62,48,70,'2019-07-11 22:20:58','2019-07-11 22:20:58'),(79,84,48,71,'2019-07-11 22:21:01','2019-07-11 22:21:01'),(80,62,48,72,'2019-07-11 23:07:14','2019-07-11 23:07:14'),(81,62,48,73,'2019-07-12 23:02:38','2019-07-12 23:02:38'),(82,62,48,74,'2019-07-12 23:03:18','2019-07-12 23:03:18'),(83,84,49,75,'2019-07-12 23:03:25','2019-07-12 23:03:25'),(84,84,48,76,'2019-07-12 23:03:42','2019-07-12 23:03:42'),(85,62,49,77,'2019-07-12 23:03:46','2019-07-12 23:03:46'),(86,62,50,78,'2019-07-13 01:40:53','2019-07-13 01:40:53'),(87,62,50,79,'2019-07-13 01:40:56','2019-07-13 01:40:56'),(88,62,50,80,'2019-07-13 01:41:34','2019-07-13 01:41:34'),(89,62,50,81,'2019-07-13 01:42:43','2019-07-13 01:42:43'),(90,62,50,82,'2019-07-13 01:42:54','2019-07-13 01:42:54'),(91,62,50,83,'2019-07-13 01:43:28','2019-07-13 01:43:28'),(92,62,50,84,'2019-07-13 01:43:30','2019-07-13 01:43:30');
/*!40000 ALTER TABLE `conversation` ENABLE KEYS */;
UNLOCK TABLES;

--
-- Table structure for table `message`
--

DROP TABLE IF EXISTS `message`;
/*!40101 SET @saved_cs_client     = @@character_set_client */;
/*!40101 SET character_set_client = utf8 */;
CREATE TABLE `message` (
  `id` int(11) NOT NULL AUTO_INCREMENT,
  `text` text NOT NULL,
  `createdAt` datetime NOT NULL DEFAULT CURRENT_TIMESTAMP,
  `updatedAt` datetime NOT NULL DEFAULT CURRENT_TIMESTAMP,
  PRIMARY KEY (`id`),
  UNIQUE KEY `message_id_uindex` (`id`)
) ENGINE=InnoDB AUTO_INCREMENT=85 DEFAULT CHARSET=latin1;
/*!40101 SET character_set_client = @saved_cs_client */;

--
-- Dumping data for table `message`
--

LOCK TABLES `message` WRITE;
/*!40000 ALTER TABLE `message` DISABLE KEYS */;
INSERT INTO `message` VALUES (3,'message - 1','2019-07-09 00:03:16','2019-07-09 00:03:16'),(4,'message - 2','2019-07-09 00:03:16','2019-07-09 00:03:16'),(5,'message - 3','2019-07-09 00:03:16','2019-07-09 00:03:16'),(6,'asdsd','2019-07-09 22:25:36','2019-07-09 22:25:36'),(7,'asdasdsa','2019-07-09 22:31:36','2019-07-09 22:31:36'),(8,'saddddddddd','2019-07-09 22:34:52','2019-07-09 22:34:52'),(9,'aaaaaaaaaaaaaaaaaaaaaaa','2019-07-09 22:35:14','2019-07-09 22:35:14'),(10,'ddddddddddddd','2019-07-09 22:35:18','2019-07-09 22:35:18'),(11,'aaaaaaaaaaaaaaaaa','2019-07-09 22:35:26','2019-07-09 22:35:26'),(12,'sssssssssssss','2019-07-09 22:36:05','2019-07-09 22:36:05'),(13,'ccccccccccccccc','2019-07-09 22:36:13','2019-07-09 22:36:13'),(14,'ffffffffffff','2019-07-09 22:37:36','2019-07-09 22:37:36'),(15,'ssssssssssssss','2019-07-09 22:37:40','2019-07-09 22:37:40'),(16,'asd','2019-07-09 22:39:41','2019-07-09 22:39:41'),(17,'sssssssssss','2019-07-09 22:42:19','2019-07-09 22:42:19'),(18,'dddddddddd','2019-07-09 22:42:27','2019-07-09 22:42:27'),(19,'asda','2019-07-09 22:43:21','2019-07-09 22:43:21'),(20,'dsfd','2019-07-10 23:44:37','2019-07-10 23:44:37'),(21,'asda','2019-07-10 23:44:40','2019-07-10 23:44:40'),(22,'asdsdas','2019-07-10 23:44:48','2019-07-10 23:44:48'),(23,'asdad','2019-07-10 23:44:51','2019-07-10 23:44:51'),(24,'asdasd','2019-07-10 23:45:22','2019-07-10 23:45:22'),(25,'asdasd','2019-07-10 23:45:31','2019-07-10 23:45:31'),(26,'asdsd','2019-07-10 23:45:39','2019-07-10 23:45:39'),(27,'sss','2019-07-10 23:50:11','2019-07-10 23:50:11'),(28,'dddd','2019-07-10 23:51:22','2019-07-10 23:51:22'),(29,'sssssssss','2019-07-10 23:52:08','2019-07-10 23:52:08'),(30,'s','2019-07-10 23:54:03','2019-07-10 23:54:03'),(31,'ddaaaa','2019-07-10 23:54:29','2019-07-10 23:54:29'),(32,'ssssss','2019-07-10 23:55:43','2019-07-10 23:55:43'),(33,'sss','2019-07-10 23:56:57','2019-07-10 23:56:57'),(34,'sss','2019-07-10 23:57:05','2019-07-10 23:57:05'),(35,'ss','2019-07-10 23:58:04','2019-07-10 23:58:04'),(36,'sss','2019-07-10 23:58:20','2019-07-10 23:58:20'),(37,'ddd','2019-07-10 23:58:30','2019-07-10 23:58:30'),(38,'dd','2019-07-10 23:58:33','2019-07-10 23:58:33'),(39,'dd','2019-07-10 23:58:38','2019-07-10 23:58:38'),(40,'dd','2019-07-10 23:58:46','2019-07-10 23:58:46'),(41,'ddd','2019-07-11 00:01:10','2019-07-11 00:01:10'),(42,'ddd','2019-07-11 00:02:14','2019-07-11 00:02:14'),(43,'ddd','2019-07-11 00:06:38','2019-07-11 00:06:38'),(44,'ddd','2019-07-11 00:06:48','2019-07-11 00:06:48'),(45,'assss','2019-07-11 20:10:44','2019-07-11 20:10:44'),(46,'dddd','2019-07-11 20:11:11','2019-07-11 20:11:11'),(47,'asdsad','2019-07-11 20:12:03','2019-07-11 20:12:03'),(48,'asdsad','2019-07-11 20:12:44','2019-07-11 20:12:44'),(49,'asdasd','2019-07-11 20:13:28','2019-07-11 20:13:28'),(50,'asd','2019-07-11 20:15:03','2019-07-11 20:15:03'),(51,'sadsa','2019-07-11 20:17:28','2019-07-11 20:17:28'),(52,'asdsad','2019-07-11 20:18:04','2019-07-11 20:18:04'),(53,'asdasd','2019-07-11 20:18:57','2019-07-11 20:18:57'),(54,'asdasd','2019-07-11 20:19:01','2019-07-11 20:19:01'),(55,'ewrwerewr','2019-07-11 20:19:08','2019-07-11 20:19:08'),(56,'qwewqewe','2019-07-11 20:19:10','2019-07-11 20:19:10'),(57,'asdsd','2019-07-11 20:19:34','2019-07-11 20:19:34'),(58,'asdadasd','2019-07-11 20:19:43','2019-07-11 20:19:43'),(59,'asdasd','2019-07-11 20:37:06','2019-07-11 20:37:06'),(60,'ddddddd','2019-07-11 20:44:18','2019-07-11 20:44:18'),(61,'sss','2019-07-11 20:45:10','2019-07-11 20:45:10'),(62,'asdasd','2019-07-11 21:14:33','2019-07-11 21:14:33'),(63,'asdsa','2019-07-11 21:36:35','2019-07-11 21:36:35'),(64,'ddddd','2019-07-11 21:36:41','2019-07-11 21:36:41'),(65,'dddddd','2019-07-11 21:37:15','2019-07-11 21:37:15'),(66,'ddddd','2019-07-11 21:45:09','2019-07-11 21:45:09'),(67,'dddddddddd','2019-07-11 21:47:36','2019-07-11 21:47:36'),(68,'aaaaaaa','2019-07-11 21:50:17','2019-07-11 21:50:17'),(69,'aaaa','2019-07-11 22:20:54','2019-07-11 22:20:54'),(70,'aaaa','2019-07-11 22:20:58','2019-07-11 22:20:58'),(71,'ssssssddf','2019-07-11 22:21:01','2019-07-11 22:21:01'),(72,'asdad','2019-07-11 23:07:14','2019-07-11 23:07:14'),(73,'sadasd','2019-07-12 23:02:38','2019-07-12 23:02:38'),(74,'ss','2019-07-12 23:03:18','2019-07-12 23:03:18'),(75,'sdada','2019-07-12 23:03:25','2019-07-12 23:03:25'),(76,'sssssss','2019-07-12 23:03:42','2019-07-12 23:03:42'),(77,'ss','2019-07-12 23:03:46','2019-07-12 23:03:46'),(78,'asdad','2019-07-13 01:40:53','2019-07-13 01:40:53'),(79,'asdsd','2019-07-13 01:40:56','2019-07-13 01:40:56'),(80,'asdsa','2019-07-13 01:41:34','2019-07-13 01:41:34'),(81,'asdsad','2019-07-13 01:42:43','2019-07-13 01:42:43'),(82,'sadsad','2019-07-13 01:42:54','2019-07-13 01:42:54'),(83,'sss','2019-07-13 01:43:28','2019-07-13 01:43:28'),(84,'ddd','2019-07-13 01:43:30','2019-07-13 01:43:30');
/*!40000 ALTER TABLE `message` ENABLE KEYS */;
UNLOCK TABLES;

--
-- Table structure for table `room`
--

DROP TABLE IF EXISTS `room`;
/*!40101 SET @saved_cs_client     = @@character_set_client */;
/*!40101 SET character_set_client = utf8 */;
CREATE TABLE `room` (
  `id` int(11) NOT NULL AUTO_INCREMENT,
  `name` varchar(255) DEFAULT NULL,
  `publicKey` varchar(255) NOT NULL,
  `userId` int(11) DEFAULT NULL,
  `updatedAt` datetime NOT NULL DEFAULT CURRENT_TIMESTAMP,
  `createdAt` datetime NOT NULL DEFAULT CURRENT_TIMESTAMP,
  `isDeleted` tinyint(1) NOT NULL DEFAULT '0',
  PRIMARY KEY (`id`),
  UNIQUE KEY `room_id_uindex` (`id`),
  UNIQUE KEY `room_key_uindex` (`publicKey`),
  KEY `room_userId_index` (`userId`),
  CONSTRAINT `room_user_id_fk` FOREIGN KEY (`userId`) REFERENCES `user` (`id`)
) ENGINE=InnoDB AUTO_INCREMENT=51 DEFAULT CHARSET=latin1;
/*!40101 SET character_set_client = @saved_cs_client */;

--
-- Dumping data for table `room`
--

LOCK TABLES `room` WRITE;
/*!40000 ALTER TABLE `room` DISABLE KEYS */;
INSERT INTO `room` VALUES (4,'Room - 1','0ceec055-4e25-45c7-ae58-5d869ac111e1',62,'2019-07-09 00:01:22','2019-07-09 00:01:22',1),(5,'Room - 2','0ceec055-4e25-45c7-ae58-5d869ac222e2',62,'2019-07-09 00:01:22','2019-07-09 00:01:22',1),(6,'Room - 3','0ceec055-4e25-45c7-ae58-5d869ac333e3',62,'2019-07-09 00:01:22','2019-07-09 00:01:22',1),(16,'sssssssssssss','166b7b41-fe05-4d3a-b9f6-0d6f974614a4',62,'2019-07-10 23:15:41','2019-07-10 23:15:41',1),(17,'ssssssssssssssssss','f34a9546-e22c-4855-84e8-db7fd6b42be1',62,'2019-07-10 23:15:47','2019-07-10 23:15:47',1),(18,'asdsad','8ef6e169-c781-4f5a-b40e-c898ddfefe40',62,'2019-07-10 23:27:22','2019-07-10 23:27:22',1),(19,'dddd','3d7e65b2-76f1-403d-8ff9-3e2fad445a36',62,'2019-07-10 23:27:28','2019-07-10 23:27:28',1),(20,'dddaaa','d4957aec-4510-4b8b-8b58-5b23664a2210',62,'2019-07-10 23:36:59','2019-07-10 23:36:59',1),(21,'aaaaaaaaa','a9115817-1c51-4ca2-b963-b4e98a8dca28',62,'2019-07-10 23:37:53','2019-07-10 23:37:53',1),(22,'asdd','4ebee9d6-5107-4f1d-becf-e1280da9e089',84,'2019-07-10 23:38:08','2019-07-10 23:38:08',1),(23,'ssssssssssssssss','f9df3057-4664-4136-9116-00bb025acb82',62,'2019-07-10 23:39:19','2019-07-10 23:39:19',1),(24,'asdasd','43f8bae6-23d3-4e18-b2a7-256c5f3531db',84,'2019-07-10 23:44:45','2019-07-10 23:44:45',1),(25,'ww','3761adff-1591-495a-bbbe-0926d9be38ea',62,'2019-07-10 23:45:37','2019-07-10 23:45:37',1),(26,'dddddaaaa','e1d85aa4-11aa-4445-b398-e76d78abf361',62,'2019-07-10 23:50:04','2019-07-10 23:50:04',1),(27,'ssssssssss','d0053a2f-9954-4c3a-b0dc-fdda2da081f5',62,'2019-07-10 23:51:16','2019-07-10 23:51:16',1),(28,'sssssssssss','979cf0ee-f3cd-451e-8d1e-1c99c0194fe2',62,'2019-07-10 23:52:00','2019-07-10 23:52:00',1),(29,'dsad','a6e09988-2d37-495c-b792-fe3ad697e803',62,'2019-07-10 23:54:25','2019-07-10 23:54:25',1),(30,'dddddddd','fa2822d3-6914-48dc-aa8b-59ba58d751cd',62,'2019-07-10 23:55:38','2019-07-10 23:55:38',1),(31,'ddd','72ab4e31-522a-4f98-bcaa-cf1213e98ade',62,'2019-07-10 23:57:02','2019-07-10 23:57:02',1),(32,'dd','106e83a1-8cf7-44eb-bc19-4875979b2b61',62,'2019-07-10 23:58:43','2019-07-10 23:58:43',1),(33,'dddd','b361cf8d-9bd6-49a6-a341-d8c617898d17',62,'2019-07-11 00:00:56','2019-07-11 00:00:56',1),(34,'ddd','ad4092d2-0907-42df-809e-c1f5e6064944',62,'2019-07-11 00:02:12','2019-07-11 00:02:12',1),(35,'aaa','c60cb956-a29e-4d03-8a8e-7dd597073a15',62,'2019-07-11 00:06:35','2019-07-11 00:06:35',1),(36,'sss','a8687d29-b49e-45af-9ea7-a0b46b4f8c9f',62,'2019-07-11 20:10:37','2019-07-11 20:10:37',1),(37,'ssss','52dcd11d-60c5-4147-93bd-0d8332fd9adf',62,'2019-07-11 20:11:07','2019-07-11 20:11:07',1),(38,'asdasd','daea2acd-d738-4d53-b9c9-01dc391d9f65',62,'2019-07-11 20:12:00','2019-07-11 20:12:00',1),(39,'asds','13d49224-e311-4e7f-9fb3-8f885b6a8b70',62,'2019-07-11 20:12:41','2019-07-11 20:12:41',1),(40,'asdasd','d109ec22-2ac4-4dc5-9d42-20c9f7c7cdff',62,'2019-07-11 20:13:25','2019-07-11 20:13:25',1),(41,'asdsad','5dedbefd-a4c3-4a1b-97d9-59c9da78e72b',62,'2019-07-11 20:15:00','2019-07-11 20:15:00',1),(42,'asdasd','745a5f9a-cb2a-4a42-8705-daa97df498e2',62,'2019-07-11 20:17:25','2019-07-11 20:17:25',1),(43,'asdas','f16b06a7-1a60-447c-8378-5df90a8bf4c9',62,'2019-07-11 20:18:02','2019-07-11 20:18:02',1),(44,'asdasd','a0b8b828-85df-4145-81fa-a5e0857c7930',62,'2019-07-11 20:18:54','2019-07-11 20:18:54',1),(45,'asdsad','9b3107cb-aec6-4509-aa51-0ea3b4bc1f4c',84,'2019-07-11 20:37:01','2019-07-11 20:37:01',1),(46,'asdas','acb1d4e7-5848-4ff4-9e12-53c397c5b2e3',62,'2019-07-11 20:41:19','2019-07-11 20:41:19',1),(47,'asdsaddd','bd792509-ea14-487d-8c44-d4e3fd4abf34',62,'2019-07-11 20:43:09','2019-07-11 20:43:09',1),(48,'sadas','51f539aa-e8b5-4ad5-8384-1396c134bc75',62,'2019-07-11 20:43:58','2019-07-11 20:43:58',1),(49,'Bot','51f539aa-e8b5-4ad5-8384-1396c134dd44',122,'2019-07-11 20:43:58','2019-07-11 20:43:58',0),(50,'sadas','a95de543-ba70-412d-9ac8-b09fff683afc',62,'2019-07-12 23:03:54','2019-07-12 23:03:54',0);
/*!40000 ALTER TABLE `room` ENABLE KEYS */;
UNLOCK TABLES;

--
-- Table structure for table `user`
--

DROP TABLE IF EXISTS `user`;
/*!40101 SET @saved_cs_client     = @@character_set_client */;
/*!40101 SET character_set_client = utf8 */;
CREATE TABLE `user` (
  `id` int(11) NOT NULL AUTO_INCREMENT,
  `uuid` varchar(255) NOT NULL,
  `name` varchar(255) DEFAULT NULL,
  `publicKey` varchar(255) DEFAULT NULL,
  `updatedAt` datetime NOT NULL DEFAULT CURRENT_TIMESTAMP,
  `createdAt` datetime NOT NULL DEFAULT CURRENT_TIMESTAMP,
  PRIMARY KEY (`id`),
  UNIQUE KEY `table_name_id_uindex` (`id`),
  UNIQUE KEY `table_name_uuid_uindex` (`uuid`),
  UNIQUE KEY `user_publicKey_uindex` (`publicKey`)
) ENGINE=InnoDB AUTO_INCREMENT=123 DEFAULT CHARSET=latin1;
/*!40101 SET character_set_client = @saved_cs_client */;

--
-- Dumping data for table `user`
--

LOCK TABLES `user` WRITE;
/*!40000 ALTER TABLE `user` DISABLE KEYS */;
INSERT INTO `user` VALUES (62,'de7e3b9e-0a92-4329-a286-214db79b10b1','Valery','0ceec055-4e25-45c7-ae58-5d869ac868e9','2019-07-13 01:43:56','2019-07-08 23:59:28'),(66,'de7e3b9e-0a92-4329-a286-214db68b11b2','Ola','0ceec055-4e25-45c7-ae58-5d869ac777e7','2019-07-09 00:02:35','2019-07-08 23:59:28'),(84,'415a54c0-f0ac-4d64-aa5f-e874c705f8ff',NULL,'8bd9ba95-47ad-4df3-87a7-8394bb16350d','2019-07-12 23:06:19','2019-07-09 22:37:10'),(122,'415a54c0-f0ac-4d64-aa5f-e874c705f8cc','bot','8bd9ba95-47ad-4df3-87a7-8394bb16222d','2019-07-11 20:46:55','2019-07-09 22:37:10');
/*!40000 ALTER TABLE `user` ENABLE KEYS */;
UNLOCK TABLES;
/*!40103 SET TIME_ZONE=@OLD_TIME_ZONE */;

/*!40101 SET SQL_MODE=@OLD_SQL_MODE */;
/*!40014 SET FOREIGN_KEY_CHECKS=@OLD_FOREIGN_KEY_CHECKS */;
/*!40014 SET UNIQUE_CHECKS=@OLD_UNIQUE_CHECKS */;
/*!40101 SET CHARACTER_SET_CLIENT=@OLD_CHARACTER_SET_CLIENT */;
/*!40101 SET CHARACTER_SET_RESULTS=@OLD_CHARACTER_SET_RESULTS */;
/*!40101 SET COLLATION_CONNECTION=@OLD_COLLATION_CONNECTION */;
/*!40111 SET SQL_NOTES=@OLD_SQL_NOTES */;

-- Dump completed on 2019-07-14 14:21:35
